ROBERTSON,tire,pools,county texas,unit,ready mix,tire tulsa,county jail,family,translocation,
BOYD,tx,high school,gunstocks,holbrook,isd,stock,raceway,lake,elementary,
ROSE,mcgowan,leslie,stone,gold hair,tattoos,gold,,,,
STONE,amc,mall,mall hours,cold lyrics,larue,mountain,country club,jackson,,
SALAZAR,slytherin,roofing,dallas,narcos,elementary,elementary school,elementary dallas,trucking,park irving tx,
FOX,news,4 news,sports,4,sports go,4 weather,news dallas,and hound,news live,sports southwest
WARREN,buffett,beatty,jeffs,g,moon,inn,county jail,sapp,zevon,
MILLS,tx,isd,uniforms,eagles,14,college,county state bank,fleet farm,bakery,
MEYER,stories,briggs test,symphony center,briggs,lemon,lansky,distributing,leonard,,
RICE,university,purity test,pot,crispy treats,pudding,cooker,bowl,express,,
SCHMIDT,and bender,new girl,and stacy,pain index,beer,and cece,deodorant target,quotes,brothers,
GARZA,v hargan,west,county jail,foods,blanca,in english,echs,marfa,en ingles,
DANIELS,jewelry,fast,park,framework,auto sales,air,manufacturing,defense,optical,
FERGUSON,showroom,dallas,riots,gmc,unit,waterworks,euless,online,missouri,
NICHOLS,memorial library,clinic,marine,hardie,state,hills,many la,college,library,
STEPHENS,inc,elementary,county texas,cancer center,and associates,county oklahoma,auditorium,cleaners,park,college
SOTO,gym,syndrome,weight loss,elementary,plant,,,,,
WEAVER,leather,and tidwell,elementary,scopes,nc,elementary school,dallas,stance,consultants group,
RYAN,reynolds,gosling,mcdonough,switzer,seacrest,high school,adams,reynolds movies,,
GARDNER,denver,vaginalis,news,books,quad squad,trucking,syndrome,webb,,
PAYNE,lindsey,stewart,county bank,springs tx,county jail,county assessor,and sons,county,,
GRANT,gustin,cardone,thornton,hill,for college,boxing gloves,season 3,,,
DUNN,kruger effect,brothers coffee,river falls,cpr,elementary,and bradstreet,tire,fl,,
KELLEY,blue book used cars,blue book price advisor,blue book,blue book vin,o'hara,jakle,law firm,school of business,armstrong,south russell
SPENCER,ware,pratt,reid,grammer,hight,tracy,boldman,hastings,long,
HAWKINS,tx,indiana,isd,funeral home,test,and walker,power and light,lake,kennedy test,
ARNOLD,schwarzenegger,palmer,palmer drink,press,schwarzenegger son,schwarzenegger height,schwarzenegger net worth,schwarzenegger movies,schwarzenegger wife,chiari malformation
PIERCE,brosnan,brosnan wife,the veil,hardware,brosnan movies,the veil tour,brown,gagnon,brosnan age,
VAZQUEZ,sounds,meaning,puerto rico,last name origin,rocks,vs marquez,origin,roofing,,
HANSEN,band,and young,vs predator,disease,soda,wholesale,dam fire,and adkins,dam,
PETERS,chevrolet,afb,eagles,projection,va,elite,tx,colony,,
SANTOS,laguna,catolicos,rodriguez,laguna jersey,motors,sivan,bonacci,ramirez,fc,
HART,insurance,of dixie,convention,ct,courant,hanks,to hart,whalers,,
BRADLEY,cooper,walsh,martyn,cooper movies,beal,university,whitford,manning,smoker,marquez
KNIGHT,of the old republic,inn,of columbus,of labor,rider,templar,and magic,,,
ELLIOTT,electric,hardware,smith,appeal,gould,stardew valley,hulse,ford,lucca,
CUNNINGHAM,lindsey,steel,middle school,towson,lindsey dallas,equipment,architects,law,swaim,
DUNCAN,isd,tx,high school,ok,isd jobs,hines,zip code,football,library,
ARMSTRONG,bank,mccall,flooring,state university,park,at knox,elementary,middle school,,
HUDSON,house dallas,h9,middle school,bay,oaks tx,river,institute,valley weather,jeans,
CARROLL,tx,isd,public library,weather,library,springs,dmv,animal shelter,university,county times
LANE,bryant,frost,kiffin,bryant credit card,bryant coupon,johnson,bryant near me,8,bryant bras,construction
RILEY,keough,cooper,stearns,sheahan,bullough,curry,voelkel,smith,hawk,
ANDREWS,tx,distributing,isd,kurth,center,university,air force base,federal credit union,kurth dallas,
ALVARADO,tx,isd,skyward,vet,high school,archery,isd jobs,post office,pharmacy,
RAY,knight,ban,and flanigan,donovan,kroc,charles,disease,rice,lewis,
DELGADO,in english,canvas,orthodontics,lola,bookstore,city park,email,campus map,baseball,
BERRY,middle school,good buys,campers,college,gordy,white,plastics,family services,arkansas,
PERKINS,rowe,loan,menu,ok,school of theology,and will,chapel,coie,rowe baton rouge,
HOFFMAN,cabinets,haus,academy,sign,boots,estates il,family practice,fabrics,bikes,
JOHNSTON,supply,murphy,ford,canyon,unit,atoll,supply dallas,canyon banff,pratt,
MATTHEWS,ford,office city,nc,southwest,tire,hall unt,office supply,international,bows,
PENA,nieto,code,definition,,,,,,,
RICHARDS,tx,police department,bike mart,isd,public library,high school,animal shelter,weather,girl,
CONTRERAS,meaning,guitar,new vegas,elementary,coat of arms,cubs,injury,trucks,plantation,
WILLIS,knighton,towers watson,tx,knighton south,knighton north,tower,library,knighton bossier,nd,carrier
CARPENTER,ants,bees,park,middle school,ants texas,park field map,brut,salary,union,
LAWRENCE,taylor,of arabia,kansas,durrell,o donnell,welk,eagle tribune,ga,hall,
SANDOVAL,county jail,regional medical center,power,county,county court,county detention center,county magistrate court,construction,county tax assessor,
GUERRERO,mexico,law firm,tortillas,law office,funeral home,landscape,tire shop,meaning,taqueria,and guerrero
GEORGE,clooney,w bush,strait,hw bush,michael,washington,soros,young,clooney tequila,lopez
CHAPMAN,university,guitars,construction,stick,motors,hext,ford,university tuition,air,yankees
RIOS,of mercedes,interiors,chicken and fish,group,alterations,chicken,boxing,used tires,body shop,
ESTRADA,oaks,concrete,apartments,hinojosa,meaning,in english,law office,apartments irving tx,apartments dallas,
ORTEGA,taco sauce,taco seasoning,y gasset,middle school,highway,taco shells,family,guitars,coupons,
WATKINS,glen,glen ny,construction,glen state park,health center,insurance group,glen weather,glen new york,glen international,
GREENE,family camp,pastures,county tech,tn,county assessor,city group,county jail,sun,,
NUNEZ,community college baseball,red sox,carpet,ufc,mma,louisiana,de balboa,meaning,trade,
WHEELER,walker jr,metals,dealers,peak,tx,staffing partners,branch park,walker jr tour,clinic,
VALDEZ,alaska,spice,roofing,oil spill,automotive,is coming,gant,alaska weather,weather,
HARPER,lee,ferry,valley pta,beckham,bazaar,ferry wv,tx,avery,,
BURKE,outlet,ramsey,and hare,tx,outlet coupon,center,williams,decor,,
LARSON,juhl,elementary,electronics,boats,storm door parts,lingo,jewelers,8e,,
SANTIAGO,de compostela,cabrera,maldonado,in english,calatrava,express,denver,chile weather,de cuba,
MALDONADO,painting,last name,uruguay,argentina,discount waste,tire shop,trucking,burkett,furniture amarillo tx,
MORRISON,supply,colorado,co weather,bridge,management,supply fort worth,inn,weather,foerster,
FRANKLIN,bbq,d roosevelt,graham,the turtle,templeton,tn,covey,american mortgage,tx,la
CARLSON,wagonlit,young,capital,law firm,hotels,craft,fish oil,chokes,tucker,wagonlit login
AUSTIN,tx,city limits,college,craigslist,bank,powers,weather,community college,airport,hotels
DOMINGUEZ,hills,roofing,high school,name origin,bail bonds,dairy,insurance,botanica,law firm,
CARR,tx,underwood,fisher,isd,public library,clinic,top,ann inaba,,
LAWSON,portal,bates,travels,portal dallas,farms,wellstar,event rentals,flooring,travels dallas,
JACOBS,well,engineering,well texas,ladder,twin,syndrome,careers,connect,engineering headquarters,engineering careers
OBRIEN,test,architects,new orleans,garage doors,engineering,tx,energy,tubes,house,
LYNCH,syndrome,va,tn,mob,college,definition,,,,
SINGH,brothers,beer,is king,saab the great,3,is bling,2,medical practice,,
VEGA,recipes,diet,bomb,restaurants,golden knights,insider,cheese,hotels,,
BISHOP,arts,lynch,dunne,arts restaurants,castle,cider,briggs,td jakes,pumpkin patch,
MONTGOMERY,plaza,gentry,tx,wards,county texas,alabama,clift,coscia greilich llp,cad,
OLIVER,peck,cromwell,stone,north,hudson,queen,and otis,wendell holmes,and company,twist
JENSEN,ackles,ackles wife,beach fl,karp,ackles kids,ackles age,ackles height,interceptor,ackles net worth,
HARVEY,weinstein,death toll,hurricane,path,weinstein movies,dent,levin,update,milk,
WILLIAMSON,county,music,county jail,cad,eye center,dickie,county clerk,sonoma,county tax office,
GILBERT,gottfried,arenas,syndrome,az,stork,grape,rodriguez orejuela,mediation group,blythe,
DEAN,martin,cain,hopkins,ambrose,unglert,johnson,winchester,liggins,and deluca,foods
SIMS,4,4 cheats,3,4 mods,3 cheats,4 cc,4 pets,5,freeplay,
ESPINOZA,paz,stone,paz meme,paz canciones,paz dallas,paz llevame,paz barba,paz wife,law firm,
HOWELL,family farms,instruments,mi,and dragon,pumpkin patch,nj,cafe,farms,industries,
LI,pump,wiehl,stores near me,wayne,store,mutual,fitness,,,
WONG,jack man,express,kar wai,fu productions,fei hung,baker scale,baker pain scale,is average,,
REID,chadwick new orleans,hoffman,ryan,ewing,flair,scott,nc,robards,construction,
HANSON,tour,dallas,brick,pipe,robotics,aggregates,2017,net worth,songs,
LE,james,dicaprio,of legends,texas bank,west,,,,,
MCCOY,elementary,pottery,terrell tx,paris tx,tyner,butcher block,waco tx,tyler tx,stephenville tx,
GARRETT,temple,gilbert,hedlund,turbo,clayton,popcorn,watts,grayson,hartley,
BURTON,snowboard,gilliam,cummings,backpacks,academy,tx,and burton,hill elementary school,step on,
FULLER,house,house season 3,house cast,house season 4,ca,brush,college,theological seminary,,
WANG,chung,qishan,maathai,wang,midnight,yang,jianlin,,,
WEBER,grills,genesis,grill parts,smokey mountain,state university,high school,charcoal grill,gas grills,spirit e-310,
WELCH,allyn,fruit snacks,state bank,allyn otoscope,nissan,grape juice,,,,
ROJAS,school of music,meaning,muay thai,truck repair,rebar,in english,pueblo west co,abilene tx,el caballo,
LUCAS,coly,and marcus,tx,till,black,group,nogueira,funeral home,ozarowski,
MARQUEZ,white,bakery,tx,boxer,beason,vs pacquiao 4,haynes,bakery arlington tx,insurance,
FIELDS,of gold,of faith,of gold lyrics,medal,of psychology,of athenry,of science,of carrollton,,
PARK,mall,near me,hospital,place lexus,avenue,uniforms,and rec,cities ford,,
YANG,river,xiao long,river map,yang,mi,ming,xinhai,se jong,,
LITTLE,monsters,caesars,elm beach,elm,alchemy,elm isd,rascals,big town,evil,rock
BANKS,near me,art,in dallas,ford,in texas,open today,power,open near me,,
PADILLA,poll,mexican kitchen,cigars,painting,v. kentucky,homes,meaning,auto sales,marlon d md,
DAY,savings time 2017,of the dead,savings,inn,of our lives,of our lives spoilers,near me,beach,of the dead makeup,
WALSH,ranch,university,construction,ranch homes,gallegos,elementary,college,elementary aledo,ranch map,
BOWMAN,middle school,springs park,pointe,2,and brooke,sells,walmart,williams,field,
SCHULTZ,plant food,i know nothing,industries inc,ford,& associates,starbucks,,,,
LUNA,eclipse,grill,lovegood,grill menu,calendar,moth,park,azul,,
FOWLER,middle school,toyota,dodge,honda,position,honda norman,vw,band,orchestra,
MEJIA,ballet,muffler,tx,construction,last name,lindsay kumar,lindsay kumar pllc,bakery,in english,
DAVIDSON,college,nc,funeral home,bogel real estate,gundy alumni center,county tn,defense,football,county community college,
ACOSTA,conjugation,jobs,mosaic,in english,careers,landscaping,cnn,,,
BREWER,high school,near me,yeast,in dallas,middle school,schedule,score,fort worth,,
MAY,vs mcgregor,clinic,compact,angelou,mcgregor,bialik,,,,
HOLLAND,america,taylor,sauce,roden,michigan,lop,hall,and holland,tx,
JUAREZ,mexico,cartel,news,airport,tequila,murders,crime,mexican restaurant,mexico hotels,
NEWMAN,smith high school,international academy,village,smith football,own,projections,school,international academy mansfield,elementary school,
PEARSON,realize,login,vue,middle school,revel,education,math lab,texas,,
CURTIS,middle school,samuel,cameron,van dam,mayfield,grimes,stone,granderson,lepore,
CORTEZ,shoes,colorado,nike,kennedy,the killer,resources,explorer,journal,florida,
DOUGLAS,adams,booth,elliman,murray,wyoming,ga,macarthur,costa,fairbanks,
SCHNEIDER,electric,jobs,electric careers,law firm,national dallas tx,compass,dallas,truck sales,,
JOSEPH,duggar,stalin,dunford,a banks,prince,sikora,morgan,baker,fiennes,
BARRETT,esophagus,jackson las vegas,motors,jackson,50 cal,brown,baber,wilbert weed,,
NAVARRO,college,blackboard,county,regional hospital,college football,mills lake,cad,college bookstore,county jail,
FIGUEROA,salon,brothers,salon dallas,law firm,fc dallas,street,church of christ,meaning,last name,
KELLER,isd,williams,canvas,tx,high school,pointe,isd hac,library,isd jobs,
AVILA,dallas,beach,university,spain,ageless serum,apartments,skin studio,restaurant,,
WADE,bowen,phillips,boggs,college,wilson,park frisco,bowen songs,davis,,
MOLINA,healthcare,high school,marketplace,healthcare texas,marketplace texas,healthcare careers,provider login,login,high school football,healthcare customer service texas
STANLEY,hotel,steemer,kubrick,korshak,tucci,stiers,ford,cup,park,
HOPKINS,county texas,theater,ky,county memorial hospital,county sheriff,county jail,cad,county tax office,county inmates,
CAMPOS,engineering,marina,tree service,do jordao,eliseos,viejos,epc,,,
BARNETT,crossbow,shale,jr high,jackal crossbow,harley,quad 400,eagles,estates,newman,raptor fx
BATES,motel,motel cast,motel season 5,ar,family,nut farm,college,boots,motel season 6,nissan
CHAMBERS,pa,county texas,bank,of the heart,bay,cad,of commerce,brothers,classic league,
CALDWELL,zoo,parish,county schools,tx,banker,community college,toyota,parish school board,pope,
BECK,g,lynch,prime,g age,with the good hair,coulter,,,,
LAMBERT,austin,nj,eaton,vet supply,dallas,ozark,home,studios,airport,
MIRANDA,sings,lambert,cosgrove,kerr,rights,lambert songs,lambert tour,lambert tin man,v arizona,
BYRD,auto,middle school,unit,football,high school,hospital,high school football,,,
CRAIG,dallas,tulsa,orlando,okc,dfw,lubbock,el paso,arkansas,waco,
AYALA,lyrics,bar,sisters,meaning,mall,bar jewelry,jewelry,short,champagne,
LOWE,near me,credit card,back pain,coupon,careers,sun,credit card payment,greenville,abdomen pain,
FRAZIER,roofing,yankees,courts,cast,vs ali,park,glenn miller,colorado,cowboys,
POWERS,login,misd,boothe,learning,uplift,lovejoy,,,,
NEAL,mccoy,schon,brennan,mccoy songs,mcdonough,stephenson,barnard,cassady,boortz,
LEONARD,da vinci,fournette,dicaprio movies,cohen,dicaprio,tx,nimoy,dicaprio age,fournette fantasy,isd
GREGORY,peck,porter,hines,harrison,alan isakov,smith,crewdson,polaris,peck movies,
CARRILLO,funeral,rods,engineering,narcos,engineering fort worth,fuentes,taxes,costa rica,,
SUTTON,foster,place,tennyson,vs united airlines,place dallas,place apartments,hoo,frost cary,transport,
FLEMING,plano,island fl,nj,menu,electric,vision care,tulsa,ultimate garage,,
RHODES,college,ridgeback,scholar,greece,ridgeback puppy,ridgeback rescue,ridgeback price,bush war,,
SHELTON,school,benjamin,family healthcare,ct,wa,gibson,school calendar,salon,chargers,
SCHWARTZ,deli montreal,and associates,bioresearch,rounds,stone,elementary,,,,
NORRIS,cole,elementary,pa,marine,hot springs,lake,conference center,lake tn,cylinder,
JENNINGS,la,daily news,high school,hospital,walmart,american legion hospital,auto,dmv,police department,
WATTS,to amps,riots,towers,to volts,funeral home,to kilowatts,tractor,to hp,,
DURAN,co,ok,duran,casino,mexico,toyota,srt,train,,
WALTERS,wedding estates,balido crain,ok,pumpkin patch,pizza,tavern,state community college,art museum,,
COHEN,v california,brothers,v virginia,d,brothers movies,bears,q10,stadium,,
MCDANIEL,college,metals,agencies,realty,technical services,college football,air conditioning and heating,saddlery,company,
MORAN,tx,atias,band,isd,texas,wy,and company,,,
PARKS,mall,near me,and rec,and rec cast,mall hours,mall amc,at craig ranch,in dallas,mall arlington,
STEELE,news,score,record,game,depth chart,roster,logo,2017 schedule,,
VAUGHN,construction,miller,elementary frisco,nm,elementary,lane bus,automotive,monroe,college,
BECKER,vineyards,college,cast,hospital review,park,funeral home,bridal,muscular dystrophy,,
HOLT,mccallany,mcdougal,cat,monitor,lunsford,hill,cat irving,leather,,
DELEON,texas,isd,tequila,pharmacy,free press,football,springs,law group,isd jobs,city hall
BARKER,gmc,honda,reservoir,cabinets,kia,tx,bariatric,door,,
TERRY,costa,crews,bradshaw,fator,gross,pratchett,middle school,farrell,dubrow,jo duperrault
HALE,bennett,reinhart,lu richardson,joel osment,koa,comet,,,,
LEON,da vinci,bridges,fournette,dicaprio movies,cohen,dicaprio,tx,lewis,,
HAIL,mary,baldwin,steinfeld,holy queen,steinfeld age,mathers,to the king,mary lyrics,caesar,
BENSON,mayowa,henderson,and hedges,brothers,tower,az,athens tx,nc,,
HAYNES,and boone,and boone dallas,la,manual,shale,academy,farm,high school,shale map,
HORTON,hears a who,hears a who jojo,tree service,hears a who cast,hears a who characters,sandbox,homes,crossbow,,
MILES,teller,to km,austin,church,electric,morales,davis,to kilometers,login,
LYONS,colorado,consulting group,college,realty,magnus,farmette,ga,national bank,river,
PHAM,bang bang,movements,hoang trung,huong,,,,,,
GRAVES,disease,build,disease diet,disease symptoms,disease eyes,disease treatment,service,pro builds,,
BUSH,library,twins,baby,chicken,obama,hog,bill,,,
THORNTON,colorado,funeral home,police department,tx,tomasetti,wilder,sofa,steel,medical center,
WOLFE,2,2 review,city tx,city isd,the new order,3d,2 release date,city high school,,
WARNER,brothers,stellian,bras,cable,robins ga,music group,ok,brothers studio tour,bros studios,
CABRERA,bello,mets,tree service,meaning,stats,contract,auto service,mlb,tour,
MCKINNEY,isd,tx,high school,trade days,weather,library,hac,boyd high school,north high school,
MANN,packing,mua,machado,pacquiao,jacinto,packing recall,,,,
ZIMMERMAN,telegram,kubota,advertising,law firm,mn,dress,rotors,reed,sale,
DAWSON,creek,middle school,tx,precision,isd,ga,geophysical,city,state jail,
LARA,croft,spencer,croft costume,trump,flynn boyle,wy,pulver,,,
FLETCHER,cox,v peck,dodge,honda,farley,ok,nc,christian,auto group,
PAGE,six,disease,brewster,plus,arizona,az,,,,
MCCARTHY,alaska,building companies,holthus,building companies dallas,hearings,actress,tire,companies,,
LOVE,quotes,bugs,and hip hop hollywood,field,your melon,languages,language test,isd,field parking,
ROBLES,roofing,canton tx,meaning,nationals,bracken & hughes,canton tx menu,canton texas,law firm,park,
CERVANTES,masterpiece,schedule,don quixote,meaning,soul calibur,albuquerque,village nmsu,in english,quotes,
SOLIS,mammography,plano,frisco,fort worth,denton,southlake,mammography dallas,mammography bedford,,
ERICKSON,lubin,middle school,dental,funeral home,living,stages,living dallas,hypnosis,company,
REEVES,county texas,cad,county hospital,county clerk,high school,memorial medical center,park,la,hinger,
CHANG,of address,healthcare,table,quotes,management,gmail password,google password,apple password,,
KLEIN,tools,bottle,tx,oak high school,tools mansfield,tools jobs,tool bag,perkins,,
SALINAS,ca,weather,photography,valley,ecuador,californian,de gortari,puerto rico,rodeo,
FUENTES,in english,san angelo texas,meaning,de agua,cigars,menu,cafe downtown,auto shop,,
BALDWIN,brothers,filters,wallace,hardware,hills,park,dallas,filter cross,piano,
DANIEL,day lewis,bregoli,harris,craig,caesar,cohn,bregoli age,cormier,defense,radcliffe
SIMON,cowell,biles,sinek,bolivar,pegg,halep,birch,missick,cowell son,
VELASQUEZ,auto sales,vs dos santos,ufc,meaning,paintings,narcos,elementary lcisd,las meninas,phillies,
HARDY,boys,weinberg equation,board,weinberg equilibrium,hibiscus,arkansas,toll road,boyz,boys books,
HIGGINS,funeral home,honda,boat,tx,lake,haven,lake mi,mo,beach,
AGUIRRE,roden,springs,and fields,meaning,springs new mexico,puerto rico,lighting sales,springs waterfall,trucking,
LIN,park,login,lohan,riley,stirling,mkz,shookus,,,
CUMMINGS,electrical,ga,falls,electrical jobs,gym,rec,foundation,dallas tx,moving,
CHANDLER,riggs,parsons,tx,bing,landing,riggs net worth,az,ok,cabinets,
SHARP,image,pei,pain on lower left side,dressed man,tv,pain on right side,pens,,,
BARBER,shop,near me,college,school,3,cast,of seville,pole,,
BOWEN,house,eye care,house dallas,disease,house menu,therapy,house happy hour,road day school,road animal clinic,
OCHOA,brothers,athens tx,golfer,photography,canton tx,malakoff,transfer,meaning,elementary,
DENNIS,smith jr,rodman,rader,quaid,schroder,hopper,kirk,prager,weaver,wilson
ROBBINS,brothers,brothers dallas,toyota,nj,brothers arlington,nc,rv,direct,property associates llc,
LIU,blackboard,kang,xiaobo,bang,brooklyn,wen,post,xiaoqing,,
RAMSEY,bolton,unit,solutions,lewis,winch,nj,hunt syndrome,noah,bolton actor,
FRANCIS,bacon,pizarro,chan,scott key,tuttle,hernandez,coronado,ford coppola,lindor,
GRIFFITH,park,berserk,roofing,observatory hours,observatory,experiment,davison,did nothing wrong,indiana,
PAUL,george,walker,thomas anderson,anka,patton,newman,ryan,mccartney,rudd,mitchell
BLAIR,witch,witch project,redford,white,walsh,underwood,waldorf,automotive,witch 2,
OCONNOR,online,and associates,animal hospital,event center,tx,self storage,construction,texas,hospital,
CARDENAS,san luis potosi,cuba,brownsville texas,weekly ad,slp,mexico,flooring,marketing network,slp mexico,
PACHECO,koch,meaning,ca,pass,last name,koch salary,koch celina,koch glassdoor,trucking,
CROSS,puzzles,near me,timbers,diner,tattoos,church,,,,
CALDERON,narcos,mexico,de la barca,meaning,textiles,tires,club,logistics,,
QUINN,xcii,cook,fabray,build,emanuel,xcii tour,stroller,culkin,,
MOSS,500,shockwave,motors,590,oak,930,,,,
SWANSON,food truck,chicken broth,coupon,speed square,tv dinners,broth,security,reed,,
CHAN,the rapper,tatum,4 news,of address,5 news,west coast,8 news,11 news,,
RIVAS,patch,tartrate,nicaragua,restaurant,garage,el paso,mexican restaurant,side effects,,
KHAN,academy,academy login,academy sat,academy physics,academy sat prep,academy mcat,academy chemistry,academy math,academy algebra,star trek
RODGERS,and hammerstein,dermatology,plumbing,baptist church,and hammerstein's cinderella,ford,and hart,construction,dermatology groupon,
SERRANO,peppers,ranch,chile,ham,creek,hotel,chili,pepper recipes,salsa,
FITZGERALD,glider kit,collision,ga,review,grant,drink,quotes,contractors,rods,
ROSALES,pupusas,law firm,chihuahua,insurance on bernal,mexico,jewelry,en ingles,meaning,and veatch,
STEVENSON,university,middle school,unit,wa,high school,school,transport,ranch ca,football,alabama
CHRISTENSEN,arms,tire,arms ridgeline,arms mesa,law group,farms,building group,yachts,arms ridgeline review,
MANNING,brothers,flooring,commercial,adura max,sc,face,family,adura,equation,
GILL,anderson,jacobs,wy,island,razors,turner,,,,
CURRY,4,chicken,3,shoes,hut,recipe,powder,2,chicken salad,
MCLAUGHLIN,group,brunson,stone,elementary,clothing,sd,elementary carrollton tx,family crest,md,
HARMON,school,science academy,of the seas,school of innovation,season 2,remote,,,,
MCGEE,creek state park,ncis,and co,storage,and me,creek,beach,law firm,tractor,
GROSS,income,vs net,margin,profit,profit formula,domestic product,pay,monthly income,gang,
DOYLE,pa,brunson,bramhall,bramhall ii,davidson,wolfgang von frankenstein,hospital,high school,,
GARNER,state park,studio,definition,isd,state park cabins,nc,studios,state park map,,
NEWTON,laws,second law,to pounds,knight,laws of motion,first law,unit,running shoes,third law,
BURGESS,meredith,owens,definition,inspection,shale,jenkins,lake,falls,,
REESE,witherspoon,witherspoon kids,witherspoon movies,witherspoon daughter,witherspoon new movie,witherspoon age,peanut butter cups,witherspoon husband,hitch,
WALTON,goggins,arts center,and johnson,stout band,family,coin,cast,college of business,county fl,
BLAKE,lively,shelton,griffin,lively and ryan reynolds,bortles,shelton songs,and gwen,shelton tour,shelton age,
TRUJILLO,peru,alto,honduras,spain,coffee,waco menu,narcos,insulin,metallica,
ADKINS,elementary,tx,diet,seasoning,finance,toyota,elementary pta,trak,,
BRADY,bunch,tx,quinn,theater,bunch cast,,,,,
GOODMAN,ac,networks,warranty,furnace,garland,ac parts,ac reviews,elementary,warranty lookup,
ROMAN,reigns,numerals,polanski,atwood,8,12,empire,movies,1,
WEBSTER,dictionary,tx,parish school board,university,bank,hall,parish sheriff,wigs,parish library,
GOODWIN,hospitality,manor,racing,funeral home,dental,harrison management,college,law,ointment,
FISCHER,projection,homes,tx,and company,skis,price,scientific,& wieser,,
HUANG,he,world,he river map,he definition,he river valley,zitao,xiaoming,acrylic,,
POTTER,barn,barn kids,barn teen,house,barn outlet,county jail,barn coupons,county jail roster,,
DELACRUZ,sulfur ointment,md,eucalyptus oil,essential oils,castor oil,cruz last name,family crest,dover ohio,cruz origin,
MONTOYA,boxing gym,twins,cabernet,campus,tire,nm,orthodontics,music,boxing club,
TODD,chrisley,white,bed,gurley,schnitt,frazier,rundgren,halloween costumes,shoes,
WU,lubba dub dub,tang clan,heights,wun,,,,,,
HINES,ward,ga,funeral home,nut company,trucking,la,development,bbq,ward wife,
MULLINS,library,library hours,plumbing,sc,feist,toy company,library uark,cheese,texas,
CASTANEDA,v pickard,hotel,family crest,meaning,crest,colombia,sangria,books,quotes,
MALONE,cost plus,tx,university,mitchell,ny,isd,tuning,texas,,
CANNON,bikes,run,beach,afb,chinese,camera,synapse,,,
TATE,tot casserole,tots,martell,tot hotdish,donovan,farms,langdon,modern,springs baptist church,
MACK,hollins,mauzy,weldon,brown,davis,island,ziegler,,,
SHERMAN,tx,isd,williams,hemsley,high school,alexie,tx zip code,tx weather,movies,
HUBBARD,tx,forge,cupboard,squash,creek lake,isd,middle school,glacier,shoes,
HODGES,half dozen,gardens,bend,capital,marine,architecture,automotive,university,southwest,
ZHANG,ziyi,yixing,yingying,bin bin,yu,fei,yimou,he,,
GUERRA,de idolos,de chistes,texas,meaning,espiritual,civil espaola,fria,de bandas,sucia,
WOLF,alpha,spider,2,puck,2 review,of wall street,spider bite,tattoo,,
VALENCIA,apartments,spain,college,ca,fc,on the lake,cf,atlas,oranges,
SAUNDERS,nclex,walsh & beard,cervical traction,nclex pn,lumbar traction,triplets,machine works,nclex rn,construction,
FRANCO,sarto,escamilla,brothers,prussian war,brewery,beer,harris,escamilla dallas,,
ROWE,iron,steamer,furniture,ravenclaw,texas,,,,,
GALLAGHER,bassett,guitars,construction,comedian,financial group,insurance,orthodontics,girls,bassett claims,
FARMER,insurance,almanac,market,branch,market dallas,only,electric,tx,brothers,
HAMMOND,la,lumber,times,la weather,zip code,walmart,organ,indiana,daily star,
HAMPTON,inn,inn near me,university,prep,brandon,creek,inn austin,bay ceiling fans,inn san antonio,
TOWNSEND,press,act,tn,homes,coleman,hotel,mt,ga,ma,
INGRAM,micro,tx,concrete,park mall,ipage,barge company,micro mobility,donuts,,
WISE,county,county messenger,county jail,county appraisal district,health system,electric,quotes,guys roanoke,county animal shelter,
GALLEGOS,sanitation inc,el paso,trailers,buffet,restaurant,stone yard,meaning,park,team,
CLARKE,the 100,and lexa,university,gayford,wolfe,and bellamy,ga,shoes,,
BARTON,springs,creek resort,tx,fink,g,creek greenbelt,college,vet,,
SCHROEDER,orthodontics colleyville,dance hall,peanuts,industries,america,vet,piano,cat,,
MAXWELL,young bunchie,market,songs,equations,blade,house,falls,afb,lord,
WATERS,fort worth,down,america,creek,definition,restaurant,fort worth,edge,,
LOGAN,paul,lucky,paul merch,roadhouse,lucky trailer,paul subscriber count,lerman,paul net worth,,
CAMACHO,cigars,criollo,wwe,triple maduro,connecticut,meaning,ardmore ok,tree service,corojo,
STRICKLAND,middle school,propane,middle school supply list,plumbing,jennings la,middle school calendar,propane hat,taekwondo,middle school registration,
NORMAN,reedus,bates,ok,public schools,rockwell,lear,transcript,,,
PERSON,test,loans,5,mall,disorder,definition,trainer,,,
COLON,cancer,savings,cleanse,life,sanders,,,,,
PARSONS,school of design,chairs,corporation,house,brinckerhoff,kansas,table,roofing,desk,
FRANK,sinatra,ocean,muniz wife,bbq,lloyd wright,gore,grillo,zappa,,
HARRINGTON,library,park,jacket,elementary,house,library plano,elementary school,rod,plastics,
GLOVER,quin,ny,ford,river,teixeira,n64,park group,river trail rides,mane,
OSBORNE,books,and little,wood products,construction,brothers,engineering,1,waves,computer,
BUCHANAN,18,technologies,lake,21,dam tx,dam,master,12,hall ou,
CASEY,anthony,neistat,affleck,donahew,desmith,cott,jones,anthony 2017,webb,undercover
FLOYD,mayweather,mayweather net worth,mayweather record,mayweather net worth 2017,frisco,mayweather sr,mayweather wife,mayweather height,dallas,
PATTON,oswalt wife death,oswalt,oswalt wife,movie,oswalt twitter,tx,quotes,western wear,,
IBARRA,restaurant,aurelio,chocolate,consulting engineers inc,underground,last name,meaning,underground llc,hot chocolate,
BALL,d or,designs,d or 2017,cast,season 3,python,in the family,wives,,
TYLER,the creator,perry,tx,junior college,state park,perry movies,posey,isd,zoo,
SUAREZ,bite,international,navarro,net worth,soccer,fifa 17,construction,height,cleats,
BOWERS,and wilkins,v hardwick,and wilkins speakers,and wilkins p7,museum,hollow falls,stadium,mx,pool service,
OROZCO,last name,meaning,murals,ludwig d md,spanish services,trucking,vs ortiz,services inc,coat of arms,
SALAS,o'brien,plumbing,minor emergency,modernas,better burger,guyer,restaurant,,,
COBB,salad,tuning,middle school,county,recipe,generator,accessport,rental,,
GIBBS,free energy,rules,ncis,free energy equation,quadski,construction,sampling,phase rule,brothers,
ANDRADE,cien almas,law firm,towing,performance,last name,boxer,gutierrez,ufc,border wait,
BAUER,tools,precision,auction,skates,media,motown classic,vapor 1x,compressors,,
CONNER,industries,mcgregor,sims,bobay,3,mcgregor net worth,kent,o'malley,,
MOODY,gardens,gardens hotel,ymca,blues,performance hall,tx,bible institute,theater austin tx,isd,
ESCOBAR,wife,netflix,cowboys,aspen,dallas cowboys,roofing,movie,son,paradise lost,
MCGUIRE,sisters,afb,woods,dallas,craddock,tire,denim,jeans,dallas,
LLOYD,park,bridges,of london,nolan,blankfein,online banking,tru,noble center,kaufman,
MUELLER,metal,investigation,metal buildings,state park,trump,reports,news,knee brace,industries,
HARTMAN,luggage,roofing,procedure,income reit,pouch,rocks,arkansas,wanzor,personality test,
FRENCH,to english,bulldog,toast,montana,revolution,translation,and indian war,braid,bulldog puppies,horn
KRAMER,robertson,elementary,knives,vs kramer,guitars,hickok,gif,painting,electronics,
MCBRIDE,clinic,electric,music & pawn,and the ride,austin tx,orthopedic norman,plumbing,electric grapevine tx,menu,
POPE,menu,near me,chicken,francis,specials,hours,coupon,john paul ii,,
LINDSEY,stirling,graham,stirling dwts,vonn,morgan,lohan,stirling tour,shaw,broad,
VELAZQUEZ,las meninas,paintings,press,tire longview tx,pool plastering,v state,meaning,family crest,self portrait,
NORTON,security,metals,rose fulbright,360,antivirus,power eraser,core,rose fulbright dallas,password generator,
MCCORMICK,spices,and schmick's,place,vodka,park,grill mates,taco seasoning,and schmick's dallas,stock,
SPARKS,motors,nissan,elementary,nevada,clinic,hospital,fly lyrics,energy,academy,
FLYNN,ohara,rider,effect,skye,rider costume,morrison,ring,restaurant group,bloom,
YATES,construction,auto,row,petroleum,buick gmc,family,corner store,high school houston,cider mill,
HOGAN,heroes,lovells,park,medical,assessment,patriots,golf,family,taylor,
MARSH,lynch,movie,tx,face,news messenger,islands,mcluhan,,,
MACIAS,strategies,chivas,gini & o'connell,auto repair,masonry,nguema,meaning,,,
VILLANUEVA,state park,meaning,new mexico,jersey,nba,zacatecas,nm camping,honduras,steelers jersey,
ZAMORA,hasta,mexico,construction,insurance,godsword,brew,,,,
PRATT,industries,institute,homes,and whitney,kansas,al,modular homes,aycock & associates pllc,definition,
STOKES,theorem,pharmacy,basket,adams,aster,nc,seeds,and spiehler,honda,
OWEN,wilson,corning,wilson movies,wilson wow,corning shingles,benjamin,hart,hunt,teague,bodnar
BALLARD,designs,street cafe,spahr,designs coupon,family dentistry,locks,seattle,street music,score,funeral home
LANG,hughes,university,cell histiocytosis,hughes poems,arts,translator,in spanish,,,
BROCK,lesnar,tour,turner,isd,lesnar ufc,tx,high school,,,
VILLARREAL,last name,cf,motors,vs,roster,soccer,sofifa,las colinas,spain,
CHARLES,manson,schwab,clay,sc,bronson,barkley,darwin,schwab login,krauthammer,
DRAKE,birthday,net worth,bell,and josh,albums,songs,waterfowl,quotes,lyrics,
BARRERA,plumbing,waco,de amor,tex mex,restaurant,en ingles,boxer,in english,morales,
CAIN,ballroom,and abel,middle school,chicken,watters,velasquez,& weiner,,,
PATRICK,swayze,eaves,mahomes,stewart,dempsey,beverley,patterson,warburton,wilson,
PINEDA,explorer,wy,covalin,map,texas history,route,definition,history,,
BURNETT,plaza,staffing,tx,jr high,vodka price,oil,park,park fort worth,,
MERCADO,libre,juarez,libre mexico,juarez menu,livre,mexico,monterrey,tyler tx,juarez fort worth,
SANTANA,songs,sage,tour,lopez,garrett,smooth,maria maria,moss,row,
SHEPHERD,pie,dog,tx,mix,chapel,university,of the hills play,healthcare,wv,
BAUTISTA,agut,bat flip,odor,auto sales,bomb,dental lab,wwe,fight,bat flip rangers,
ALI,brie,in wonderland,violet,vikander,fox,keys,covenant,,,
SHAFFER,vet,trucking,v heitner,stadium,told me to,auto glass,conservatory,security group,veterinary services,
LAMB,aventador,dallas,huracan,veneno,price,centenario,,,,
TREVINO,gymnastics,construction,group,rockwall,meaning,trailer repair,place,hardwood floors,comedian,
MCKENZIE,davis,ziegler,method,exercises,foy,elementary,lake,westmore,river pizza,
HESS,law,college,triangle,knives,la,truck,,,,
BEIL,lyrics,donuts,germany,resorts,,,,,,
OLSEN,twins,sisters,twins 2017,twins age,twins net worth,twins now,beauty,studios,twins parents,
COCHRAN,review,county texas,ga,database of systematic reviews,heights dallas,funeral home,law firm,real estate,,
MORTON,steakhouse,neuroma,arboretum,salt,buildings,steakhouse dallas,salt girl,downey jr,toe,
NASH,tn,sculpture center,weather,predators,cast,grier,statement,,,
WILKINS,center,middle school,mall,rv,sword,pa,center on buckner,center food pantry,,
PETERSEN,automotive museum,aluminum,games,international,events center,house,dean,hunting,custom homes,
BRIGGS,freeman,and stratton parts,myers test,equipment,and riley,and stratton,and stratton generator,equipment dallas,and stratton engine,
SHAH,of sunset,of sunset cast,khan,kapoor,khan,jahan,of sunset reunion,salon,,
ROTH,ira,net worth,ira calculator,ira limits,ira rules,401k,,,,
NICHOLSON,memorial library,clinic,hardie,library,memorial,files,clinic reviews,auction,premier properties,
HOLLOWAY,funeral home,house okc,group,aruba,outdoors,company,house,house quick shine,family foundation,
LOZANO,enterprises,claims,fifa 18,fifa 17,designated survivor,psv,origin,definicion,clinic,
RANGEL,colorado,maine,carlos,ywls,fellowship,energy,bus,air conditioning dallas,,
FLOWERS,for algernon,near me,in the attic,delivery,types,online,to draw,for you,baking company,
HOOVER,dam,vacuum,windtunnel,carpet cleaner,dam tours,floormate,dam bridge,windtunnel 3,,
SHORT,haircuts 2017,pump middle school,quotes,stories,of breath,curly hair,term disability,haircuts for men,circuit,url
ARIAS,pistons,geoprofessionals,stark,definition,agencies,brother,mom,,,
MORA,lake,valley,turpitude,definition,eel,,,,,
VALENZUELA,city,louisiana,band,philippines,country,news,meaning,jersey,subtractive schooling,
BRYAN,adams,randall,abasolo,tx,singer,cranston,street tavern,adams high school,adams songs,callen
MEYERS,briggs test,briggs,symphony center,leonard,soap,briggs types,manx,parrot,park,
WEISS,schnee,score,schwarz,beer,watch,,,,,
UNDERWOOD,tariff,ammo,law firm,law library,farms,typewriter,wine,perkins,bbq,
BASS,pro,hall,hound,furniture,pro boats,clef,,,,
GREER,ferry lake,garson,sc,grammer,reign,farm,middle school,ferry dam,and associates,
SUMMERS,farm,eve,crossing,landing,vonhesse,apartments,2016,wv,,
HOUSTON,astros,texans,rockets,weather,news,flooding,chronicle,zip code,craigslist,
CARSON,wentz,palmer,wentz stats,daly,dellosa,lueders,city,ca,national forest,
MORROW,online,mods,ga,county auditor,console commands,map,nexus,ps4,,
CLAYTON,kershaw,homes,yes,bigsby,moore,antitrust act,nm,jennings,oklahoma,homes athens tx
WHITAKER,point,words,chalk,bank,point ar,towing,electronics,boxer,metal deck,
DECKER,jones,colorado,adult swim,mechanical,terrier,fishing report,trucking,brands,poole,
YODER,smokers,ys640,country market,pellet grill,ys480,ys1500,ys640 price,cheyenne,,
COLLIER,county,international,tn,international dallas,county schools,county arrests,drug,county sheriff,construction,
ZUNIGA,meaning,contractors,laredo tx,name origin,map,artist,utsw,pronunciation,family crest,
CAREY,mulligan,hart,lowell,price,grant,cox company,lohrenz,and sons,van dyke,
WILCOX,boots,tech,rank sum test,signed rank test,ice cream,az,truck sales,feed,cowboys,
MELENDEZ,auto,brothers,v. massachusetts,trial,last name,auto sales east,diaz,family crest,,
POOLE,ga,lumber,cohort equation,md,ritchie funeral,standard deviation,pediatrics,,,
ROBERSON,ranch,nc,rental brownwood tx,design,tire morrilton,elementary,okc,family tree,ranch texas,
LARSEN,c ice shelf,music,thompson,syndrome,farms,pools denton tx,c iceberg,and toubro stock,,
CONLEY,rose,group,ga,graphics,transport,printing,tx,raiders,printing abilene texas,
DAVENPORT,apartments,iowa,florida,motors,university,ok,montessori,dentist,motor company,
COPELAND,menu,compressor,toyota,center,southlake,houma,new orleans,cheesecake bistro,insurance group,
MASSEY,cadillac,pest control,ferguson,ferguson dealers,ratings,ferguson tractor,motors,ferguson 135,university,
LAM,plus,university,ball,aldridge,aventador,odom,high school,,,
HUFF,post,plano,chevrolet,hyundai,dodge,post politics,middle school,dodge plano,,
ROCHA,game,okorocha,shoes,twins,man,brothers,meaning,,,
CAMERON,boyce,diaz,dallas,britton,monaghan,university,boyce age,park zoo,boyce height,
JEFFERSON,dental,tx,davis,airplane,city mo,parish,starship,place,county texas,
HOOD,math,county news,allen,county appraisal district,county,county jail,melo,eyes,,
MONROE,la,la weather,zoo,news star,news,city schools,and main,civic center,airport,
ANTHONY,scaramucci,davis,bourdain,bourdain pittsburgh,joshua,hopkins,bennett,weiner,hamilton,anderson
PITTMAN,motors,plumbing,robertson act,arm,management group,and davis,hotel dallas,management group texas,center tn,
HUYNH,quoc huy,nguyen cong bang,ngoc chenh,last name,nhat hoa,pronunciation,tun kit,hieu minh,origin,
RANDALL,noe,cobb,park,county jail,cunningham,noe ford,county,high school,reed ford,store
SINGLETON,design pattern,funeral home,associates pa,salon,class in java,blvd,pregnancy,java,boulevard,
KIRK,cousins,douglas,cameron,franklin,cousins stats,coupon,frost,bangz,,
COMBS,coffee,and cuts,enterprises,arkansas,produce,well service,produce dallas tx,ar,test,
MATHIS,brothers furniture,texas,sleep center,bullfrogs,brothers furniture tulsa,field cafe,high school,brothers careers,,
CHRISTIAN,carino,brothers,bale,serratos,fernandez,slater,ponder,nodal,,
SKINNER,box,theory,auction,theory of operant conditioning,sights,pasta,masonry,longview tx,grocery,
BRADFORD,exchange,pear tree,white,marine,exchange checks,white water heater age,pa,assay,dillman,
RICHARD,speck,bike mart,isd,tx,lewis,public library,gere,high school,simmons,
GALVAN,tub,pipe,corrosion,stock tank,definition,buckets,,,,
WALL,street journal,near me,art,for iphone,decor,,,,,
BOONE,nc,pickens,farm,nc weather,ar,flooding,hall plantation,pickens stadium,lost,
KIRBY,vacuum,bennett,smart,tx,smith,creek natatorium,puckett,steakhouse,jenner,
WILKINSON,center,middle school,mall,sword,center on buckner,center food pantry,tremolo,middle school staff,law firm,
BRIDGES,tires,golf,arena,of madison county,dueler,golf balls,at las colinas,in dallas,,
BRUCE,lee,willis,jenner,harris,springsteen,willis movies,campbell,lee death,dern,wayne
ATKINSON,toyota,toyota south dallas,candy,cycle,baker,inspection services,nh,construction,propane,
VELEZ,sarsfield,college,meaning,mostar,malaga,family crest,college of nursing,,,
MEZA,law firm,engineering,hours,aspen,garage,financing,,,,
ROY,caribbean,blue,gorge,city,city isd,free music,china,orbison,jones jr,city high school
VINCENT,van gogh,price,d onofrio,jackson,gallo,kartheiser,van gogh paintings,cassel,herbert,
YORK,poo,puppies,for sale,properties,pa,puppies for sale,,,,
HODGE,half dozen,gardens,podge,bend,tour,bank,tv,capital,unit,
VILLA,burger bar,health partners,church,grande,people,o,inn,on the parkway,,
ABBOTT,tx,and costello,nutrition,texas,isd,careers,label,stock,and costello meet frankenstein,
ALLISON,stokke,williams,brie,janney,parker,harris,holker,jayne raski,scagliotti,
TAPIA,rockies,robot,conference,internal medicine clinic,brothers farm,boxer,paris tx,brothers,,
GATES,tx,of prosper,isd,scholarship,mcfadden,foundation,of prosper stores,high school,,
CHASE,online,bank near me,routing number,credit card,bank hours,freedom,sapphire,sapphire reserve,careers,
SOSA,clinics,chamberlain,clinic,agim,tree service,cigars,,,,
SWEENEY,todd,lumber,todd cast,todd costume,hardwoods,todd musical,todd movie,feeders,todd songs,
FARRELL,brothers,ice cream,animal,on the bench,bag,elementary school,and farrell,pa,trailers,
WYATT,earp,oleff,russell,roberts,earp movie,earp cast,cenac,high school,elementary,
DALTON,atomic theory,domino,rapattoni,ga,model,trumbo,gang,apartments,castle,
HORN,toad,goat weed,frog,high school,nest,roster,sting,,,
BARRON,trump,v baltimore,trump iq,trump height,trump age,auto,trump twitter,photografix,trump school,
PHELPS,vs shark,dunbar,shark,face,lake rockwall,shark race,game calls,vs shark discovery,county bank,
YU,darvish,on ice,darvish trade,,,,,,,
DICKERSON,tx,law firm,real estate,ross,v. united states,brothers,college,md,parkway,
HEATH,ledger,land,hardy,heyer,locklear,tx,lyrics,dubrow,,
FOLEY,catheter,alabama,pools,outlet stores,bulb,and lardner,al,alabama hotels,food mill,
ATKINS,diet,toyota,shakes,phase 1,bars,toyota south dallas,frozen meals,recipes,diet plan,
MATHEWS,bows,halon,halon 32,funeral home,switchback,z3,halon 6,drenalin,z7 extreme,switchback xt
BONILLA,silva,moving,band,el salvador,meaning,last name,trevor s. dds,moving inc,a la vista,
ACEVEDO,restaurant,meaning,yankees,vila,family crest,coffee table,consulting,pronunciation,construction,
BENITEZ,meaning,auto sales,landscaping,foundation repair,boxer,productions,newcastle,family crest,construction,
ZAVALA,plus,county,bus,voice actor,bbq,texas,voice,flag,elementary,
HENSLEY,industries,field,ar,hitch,lamkin rachel inc,field dallas,legal services,premier builders,cpa,
GLENN,beck,jacobs,heights,close,quinn,frey,ford,headly,jacobs mayor,howerton
CISNEROS,pre k,real estate solutions,unt,meaning,real estate solutions llc,crest,pre k school,quotes,eleven,
HARRELL,budd,funeral home,eye care,park,realty management systems,hospitality,grand md,pailet & associates,realty,
SHIELDS,and brooks,up,of strength,and yarnell,legal group,service rockwall tx,mri,and associates,mott,
RUBIO,menu,in english,monocoat,trade,rubin,near me,cenizo,fish tacos,monocoat reviews,
HUFFMAN,tx,isd,aviation,elementary,coding,builders,and associates,pta,tx county,
CHOI,hotels,home warranty,siwon,one,game,rewards,definition,home warranty login,,
BOYER,pa,coe,pa,inc,rv,area school district,candy,sisters,stillwater ok,
GARRISON,keillor,brothers,co,tx,isd,texas,definition,gardens,keillor tour,
ARROYO,grande weather,grande,seco nm,seco,sherman,definition,grande ca,restaurant,puerto rico,
BOND,arms,title,leather,order,beach,girls,25,,,
KANE,brown,jenkins,brown tour,medical group,hodder,brown what ifs,hall barry,wwe,,
HANCOCK,bank,fabrics,bank online,2,cast,and moore,springs,whitney bank,fallout 4,
CALLAHAN,auto parts,county,motors,divide,county cad,walsh,appliance,fl,auto,
DILLON,brooks,francis,texas,colorado,gee,tate,danis,gage,reservoir,
CLINE,corner,running corner,tours,winery,corner to santa fe,definition,firm,shale,zinfandel,
WIGGINS,mississippi,stats,co,auctioneers,buzzer beater,worthy wellness,and mctighe,contract,park,
GRIMES,park,county,auto parts,county appraisal district,unit,insurance,tour,oblivion,genesis,
ARELLANO,felix,painting,embroidery,last name,flix brothers,bond,construction,university legarda,associates,
MELTON,truck lines,sales,tackle,custom homes,ridge,sales claremore,truck sales,,,
ONEILL,wetsuit,clothing,ne,hats,swim,backpacks,dresses,honda,board shorts,
SAVAGE,garden,arms,definition,race dallas,race,quotes,memes,rifles,love,
HO,depot,lobby,lobby coupon,goods,,,,,,
BELTRAN,leyva,rangers,mendoza,auto repair,last name,trucking,boxer,mlb,,
PITTS,steelers,penguins,tx,weather,post gazette,pirates,steelers score,steelers roster,,
PARRISH,hare,cobb,florida,fl,hare dallas,medical center,security group,cox,definition,
PONCE,de leon,city market,puerto rico,inlet,de leon florida,school of medicine,hilton,de leon fountain of youth,food,
RICH,college,speck,piana,bike mart,isd,tx,lewis,high school,community college,public library
BOOTH,brothers homes,falls trail,harbor,brothers,museum,industries,school of business,bones,,
KOCH,brothers,industries,trucking,postulates,foods,curve,clothing,careers,,
GOLDEN,chick,corral,state,doodle,chick menu,1,retriever,state warriors schedule,tate,nugget
WARE,jobs,jobs near me,31,market,13,jobs in dallas,near me,associate,,
BRENNAN,b2,enterprises,manning,gilmore,dodge,eagles,vineyards,williams,clay,
MCDOWELL,properties,county wv,label,news,county,hole,county nc,and company,administration building,
MARKS,la,plumbing,and spencer,tickets,firearms,louisiana,high school,daily apple,,
CANTU,products,firmus,pest control,shampoo,shea butter,conditioner,towing,leave in conditioner,for kids,
HUMPHREY,bogart,& partners architects,bogart movies,and associates,salon,gilbert,peak,bogart height,half moon inn,
BAXTER,credit union,bulletin,state park,of california,black,theatre,cinema,springs kansas,stockman,
SAWYER,brown,fredericks,sweeten,brown songs,water filter,lost,squeeze,mini,bell,
CLAY,cooley,homes,kershaw,cooley nissan,matthews,walker,yes,pigeon,bigsby,
TANNER,fox,fox age,fox gtr,braungardt,electronics,gentry,fox merch,hogs,,
HUTCHINSON,kansas,county,community college,island,texas,news,county jail,sign,tx,
KAUR,beauty,kulfi,wood,cliffs,mandeep,b,beauty school,,,
BERG,goodman,status,norway,bullets,oil,picard,balance test,,,
WILEY,college,x,tx,cpa,wiggins,jics,definition,post,,
GILMORE,girls,girls cast,girls a year in the life,girls netflix,girls season 7,girls theme song,girls revival,girls fan fest,girls quotes,
RUSSO,japanese war,pizza,brothers,tulsa,and steele,corporation,,,,
VILLEGAS,durant,tire shop,name origin,pool service,mexican durant ok,middle school,family crest,pronunciation,golfer,
HOBBS,nm,grove,high school,nm weather,news sun,state park,casino,police department,movies,
KEITH,urban,sweat,richards,powers,whitley,haring,david,urban songs,thurman,
WILKERSON,funeral home,greines athletic center,center,memorial stadium,grimes,park,grimes activity center,hatch,row,
AHMED,ahmed,johnson,mohamed,best,kazakhstan,patel,musa,rosario,,
BEARD,dragon,oil,lady,growth,styles,czar,balm,trimmer,lady denton,
MCCLAIN,rv,bank,county,county oklahoma,county jail,trailers,county assessor,county courthouse,rv rockwall tx,
MONTES,near me,certification,schools,compass,services,toys,school of fort worth,,,
MATA,hari,bay,resources,tx,island,tx,,,,
ROSARIO,dawson,tijeras,vampire,tijeras cast,dawson movies,tijeras novela,tijeras 2016,tijeras capitulos,vampire season 3,
VANG,funds,mutual funds,login,definition,index funds,tulsa,furniture,,,
WALTER,white,payton,football,becker,brennan,cronkite,wedding estates,mitty,scott,
HENSON,lumber,ford,dodge,metal,master of puppets,chevrolet,cargill,racing engines,motor co,
ONEAL,amc,walmart,steel,helmets,lane,gas,lane walmart,feeder supply,farm and garden ruston la,
MOSLEY,tribes,tire,park,plumbing,antennas,lane criminal minds,insurance,boxer,fence,
MCCLURE,law group,twins,park,elementary,pass,fitness,athletic complex,pickles,partners,
BEASLEY,jersey,tx,catch,funeral home,cowboys,media group,park,allen,sauce,
STEPHENSON,cancer center,dearman,pharmacy tyler tx,pharmacy,floors,cancer center jobs,high school,research and technology center,va,
SNOW,white,cone,leopard,white costume,trailer,,,,,
HUERTA,in english,meaning,body shop,jessica r do,nyc,auto sales,en ingles,lakers,md,
PRESTON,baptist church,hollow,james roberts,hollow village,christian academy,center,trail,trail farms,country club dallas,
VANCE,joy,joseph,and hines,joy tour,mcdonald,afb,bedford,joy lay it on me,joy riptide,
BARRY,seal,white,sanders,switzer,bonds,allen,manilow,tickets,church,gibb
JOHNS,supply,county jail,county texas,and johnson,county,hopkins,controls,county tax office,county appraisal district,grass
EATON,high school,high school football,square,vance,centre,nj,ups,lighting,transmission,
BLACKWELL,ok,ghost,fencing,funeral home,tx,liquor,high school,hospital,walmart,
DYER,bbq,tn,maker,tire,state gazette,need,indiana,cycle,mak'er lyrics,
PRINCE,diana,harry,cruises,william,charles,tx,bride,isd,margaret,
MACDONALD,menu,devin,ranch,wifi,realty group,carey,breakfast,triad,,
SOLOMON,grundy,thomas,grundy gotham,islands,kane,northup,temple,asch,burke,
GUEVARA,shirt,trucking,meaning,last name,income tax,insurance,quotes,noubir,spain,
STAFFORD,tx,bull terrier,middle school,loan,terrier,va,shirts,act,,
ENGLISH,to spanish,to french,to spanish translation,bulldog,to german,to japanese,to chinese,to russian,to italian,
HURST,tx,library,animal shelter,rec center,dmv,junior high,police department,mall,conference center,
WOODARD,actress,and curran,builders supply,hall la tech,insurance,hollow grand lake,ok,way arlington tx,septic,
CORTES,de pelo,de pelo corto,de pelo para mujer,de pelo para hombres,de cabello para mujer,de pelo largo,de pelo para hombre 2017,de pelo para nios,explorer,
SHANNON,sharpe,beador,de lima,purser,lee,bream,brewery,beador weight loss,woodward,
KEMP,insurance,tx,isd,killer,preferred,high school,tx,insurance claims,,
NOLAN,ryan,catholic,north,carroll,arenado,gould,catholic football,ryan stats,tx,
MCCULLOUGH,gulch trail,mediation,motors,sudan,middle school dallas,chainsaw,v maryland,county texas,peaks,
MERRITT,island,hawkins,wever,bakery,school,beck,hawkins dallas,trailers,college,
MURILLO,twins,md,tires,tires tyler tx,valencia,twins age,meaning,campello,motorsports,
MOON,phases,phase today,rocks,kingdom,wok,sign,,,,
SALGADO,meaning,insurance,photographer,genesis,photos,belton,brasileiros,in english,food,
STRONG,teacher killed,synonym,stabbing,women quotes,boy names,suit,lyrics,quotes,,
KLINE,syndrome,tracking,tools,texas,corner,tx,may realty,signs enid ok,,
CORDOVA,walmart fight,tn,alaska,mall,shoes,color,leather,coolers,,
BARAJAS,airport,meaning,in english,spain,cards,airport map,espanolas,de oro,mexicanas,
ROACH,middle school,killer,bites,poop,in texas,clip,eggs,unit,,
ROSAS,menu,breakfast menu,denton,catering,rojas,breakfast,nutrition,gluten free,locations,
WINTERS,tx,bone,park,formula,isd,tale,bbq,iowa,,
JACOBSON,group,concrete,syndrome,organ,hall ou,companies,hat company,salt,,
LESTER,holt,green,sumrall,hayes,bangs,young,maddox,roloff,holt salary,
KNOX,tn,henderson,heights,box,street pub,henderson apartments,henderson restaurants,,,
BULLOCK,museum,elementary,definition,and jones,hotel,cart,law firm,county alabama,county,
KERR,tx,washington,rhodes,green,hall unt,strug,ingram,von erich,bishe,
LEACH,field,definition,gecko,ar,snoogle,podster,,,,
MEADOWS,museum,foundation,of bedford,conference center,school of the arts,collier,building dallas,baptist church,,
ORR,family farm,nissan,hatch,kia,honda,cadillac,toyota,kia bossier,,
DAVILA,construction san antonio,666,auto glass,last name,fernanda,concrete construction,family crest,colon,definition,
WHITEHEAD,on nose,on lip,removal,on face,institute,dog,pimple,twins 2017,removal tool,
PRUITT,ford,igoe,taylor vince,health,plumbing,ada ok,epa,igoe myth,building services,
KENT,lottery,fried chicken,football,basketball,state,derby,caldwell pope,fried chicken menu,windage,
CONWAY,twitty,arkansas,corp,public schools,twitty songs,regional,national bank,game of life,high school,
MCKEE,foods,ranch,pet place,pa,rocks pa,real estate,medical center loveland,lumber,37,
BARR,seal,trump,white,esophagus,sanders,switzer,bonds,roll,allen,
DAVID,s pumpkins,bridal,bowie,yurman,foster,johnson return,fincher,dobrik,beckham,mcdavid honda
DEJESUS,roofing,customs,baseball,cubs,family,industries llc,instagram,dental group,royals,
MARIN,corps marathon,sauce,corps,biologist,and the diamonds,ranks,,,,
BERGER,bullets,chevrolet,picard,cookies,lake,disease,engineering,volvo,,
MCINTYRE,law,wrecker service,crane,ga,plumbing,towing,law firm,plumbing tyler texas,tier list,
BLANKENSHIP,real estate,change consulting,law firm,consulting,swivel chair,owasso,amps,design,origin,
GAINES,tx,fl,isd,mugshots,zoo,daily register,tx zip code,times,state school,
PALACIOS,tx,texas,beacon,luis c md,pizza,high school,tx real estate,tx hotels,marine & industrial,
CUEVAS,de camuy,lubbock,imports,de altamira,in english,distribution,del drach,trucking,mexican baseball gloves,
BARTLETT,tx,cocke,pear,electric,tn,isd,tree experts,state jail,il,
DURHAM,nc,middle school,bulls,school services,weather,trailers,buses,intermediate,nc weather,
DORSEY,elementary,school,& whitney,and whitney dallas,wright,levens,roofing,elementary dallas,trailers,unlimited construction
MCCALL,pumpkin patch,patterns,highlands,meadows,idaho,glen,plaza,zerboni,,
ODONNELL,isd,tx,honda,foundation,brain institute,lab utsw,tx weather,weather,football,
STEIN,mart,coupons,gate,ranch steakhouse,bakery,,,,,
BROWNING,a5,hi power,citori,shotguns,maxus,rifles,symbol,buckmark,x bolt,
STOUT,definition,beer,street social,creek compost,gym,street hospitality,vs porter,meaning,,
LOWERY,freshman center,road elementary school,wholesale,field,property advisors,freshman center homecoming,freshman center dress code,elementary school,freshman center summer reading,
SLOAN,stephens,kettering,street apartments,lake,school,creek,and williams,vampire diaries,,
MCLEAN,va,tx,6th,middle school,hospital,bible church,isd,sanborn,hearing center,stevenson
HENDRICKS,gin,vw,hospital,abilene tx,gin price,regional health,college,jobs,gin review,
CALHOUN,middle school,band,la,ga,county texas,county,elementary,dog,rangers,
SEXTON,singer,definition,irish whiskey,space,animal clinic,firebird,hardcastle,ford,beetle,
CHUNG,express,lee,li,ling soo,wei hsu,,,,,
GENTRY,definition,zoo,arkansas,nelson,elementary,farm,beach,financial,high school,
HULL,house,hall,truth,diner,mall,historical,city,,,
DUARTE,ca,galactosemia,law office,nursery,high school,president,group llc,gomes,unified school district,
ELLISON,barber,high school,hall ou,clothing,die cuts,technologies,football,high school football,steel,
NIELSEN,ratings,careers,survey,answers,family,tv ratings,panel,norman group,dallas tx,
GILLESPIE,county,county fair,cad,county appraisal district,jewelers,county jail,northam poll,county airport,county courthouse,
BUCK,wild,schedule,roster,list,,,,,,
MIDDLETON,prison,unit,place,wi,library lsu,high school,ohio,texas,university,
SELLERS,middle school,disclosure,disclosure texas,pa,market,net sheet,in,playbook,,
LEBLANC,build,counter,unit,nissan,cancun,park,pro builds,toyota,clarinet,
ESPARZA,fort worth,irving,menu,restaurante mexicano,tile and plaster,family crest,restaurant coppell,happy hour,in coppell,
HARDIN,university,simmons,pipeline,football,county schools,county texas,canvas,simmons football,zones,
BRADSHAW,state jail,animal shelter,park,wwe,international,state jail phone number,jail,knives,estate waco tx,
MCINTOSH,apples,amplifier,county mugs,county oklahoma,speakers,county jail,tube amp,county assessor,county court clerk,
HOWE,synonym,tx,isd,texas,high school,family farms,definition,instruments,middle school,
LIVINGSTON,tx,parish jail,mt,parish news,parish school board,daily,parish,parish library,county news,
FROST,bank,bank near me,the snowman,state university,flakes,recipe,tips,gelato,,
GLASS,castle,cactus,online,frames,animals,house,blunt,,,
MORSE,code,code translator,v frederick,code chart,fall scale,code sos,code numbers,code necklace,,
KNAPP,commission,ranch,castle,hall ttu,chevrolet houston,law office,shoes,hair extensions,,
HERMAN,boone,guntherberg,miller,munster,cain,miller aeron,miller chairs,melville,the worm,
STARK,ms,family,family tree,law,definition,sigil,mortgage,tuna,,
BRAVO,company,concealment,schedule,lipsense,shows,fort worth,blogs,dental,zulu,
NOBLE,gases,definition,energy,rey,credit union,oblige,oklahoma,tile,,
SPEARS,elementary,school of business,furniture,la,of the church,for sale,pta,construction,definition,
WEEKS,in a year,of welcome utd,in a school year,until christmas,to months,per year,marine,of welcome,left in 2017,between dates
CORONA,artery disease,beer,high school,mall,plane,arteries,heart disease,apartments,,
FREDERICK,tx,of hollywood,douglass,tx hotels,the great,va,md,wine tours,of hollywood near me,bed and breakfast
BUCKLEY,v valeo,afb,madole,oil,afb lodging,school,sandler,amendment,afb pharmacy,
MCFARLAND,usa,ca,orthodontics,house,usa cast,clinic,high school,toys,plumbing,usa full movie
HEBERT,guns,steel,medical group,town and country,marine,la,marina,town and country dodge,henderson la,
ENRIQUEZ,su personalidad,pronunciation,meaning,family crest,last name,winery,construction,journey,mexican restaurant,
HICKMAN,catheter,elementary,companies,elementary garland,ky,creations,county tn,weber,high school,
QUINTERO,golf club az,meat market,engineering,cigars,meaning,phone repair,chile,staging,law,
RANDOLPH,brooks fcu,scott,afb,engineering,mantooth,college,tx,nj,macon,afb lodging
SCHAEFER,advertising,beer,fans,outfitter,marine,mold,auto body missouri,art bronze,light beer,
WALLS,street journal,of jericho,of clay,ada ok,could talk halsey lyrics,need love,unit,hospital,,
TREJO,menu,haughton,mexican restaurant,youree,tacos,shreveport,benton la,blanchard la,donuts,
HOUSE,for rent,for sale,of blues dallas,of cards,of blues,for rent near me,of wax,for sale near me,of burgesses,
REILLY,auto parts,opelka,chance,smith,center,dolman,echols printing,elementary,brothers,
PENNINGTON,field,county jail,concrete,nj,seed,creek,biomedical research center,list,commercial,
CONRAD,hilton,high school,murray,roy,maldives,sol,veidt,shindler,bain,
GILES,corey,nissan,island,deacon,matthey,subaru,insurance,volvo,coren,
BENJAMIN,franklin,moore,button,bratt,rush,franklin plumbing,banneker,moore locations,watson,
CROSBY,tx,stills nash,tx,tugs,street hotel,rec center,energy services,isd,roofing,
FITZPATRICK,skin type,scale,architects,castle hotel,grand central,manhattan hotel,hotel,qb,hotel nyc,
DONOVAN,mcnabb,mitchell,mcnabb stats,lewis,wilson,marine,patton,carter,dijak,
MAYS,rv,business school,ok,home health,ky,zayid,& associates inc,beads,,
MAHONEY,state park,police academy,property management dallas,oaks retreat,group,environmental,po boy,pub,garden center,
VALENTINE,day,one,ever after,day 2018,tx,nebraska,day massacre,day 2017,day cast,
RAYMOND,james,burr,felton,james login,tx,orta,weil,chandler,carver,
MEDRANO,middle school,elementary,elementary dallas,middle school uniforms,ms,dallas isd,towing,roofing,bakery,
HAHN,appliance tulsa,la,peak,hoffer stanford,wine,macaw,hospital,dmv,,
MCMILLAN,stocks,and wife,james,running,tac-50,high school,junior high,place,study guides,
SMALL,dog breeds,tattoos,cakes,dogs,business loans,business administration,town boy,pdf,,
BENTLEY,suv,price,continental gt,coupe,logo,university,continental,dallas,for sale,
FELIX,the cat,jones,gray,fang,hernandez,sater,kjellberg,auto,argyle,
PECK,order,gang,pies,seafood,definition,,,,,
LUCERO,tour,band,songs,edad,rustic,net worth,olive oil,meaning,guitar,
BOYLE,law,heights,law formula,furniture,park,law states that gas volume is,transportation,ireland,law calculator,
HANNA,montana,andersson,hart,gross,baker,murray,montana cast,stocking,davis,
PACE,calculator,login,university,bend park,test,crossing,,,,
RUSH,limbaugh,hour,hour 4,hour 3,hour 2,limbaugh live,truck center,,,
HURLEY,lost,house,hats,auctions,shirts,house fort worth,backpacks,boardshorts,from lost now,
HARDING,university,pipeline,football,canvas,university tuition,football schedule,university calendar,sports,university bookstore,
MCCONNELL,hall unt,afb,unit,v fec,hall,taping,turtle,hall address,sign,
BERNAL,nm,e smith ii,heights,high school,county detention center,apartments,county court,middle school,,
NAVA,college,blackboard,county,tx,academy,beach florida,florida,regional hospital,,
AYERS,rock,saint gross,aviation,rock resort,legends,pear tree,drywall,rock grid location,& ayers,
EVERETT,gmc,toyota,washington,chevrolet,mcgill,dodge,community college,financial,ma,
VENTURA,foods,apartments,ca,weather,highway,county star,county,county fair,craigslist,
AVERY,templates,labels,island,bradley,brewing,5160,label template,johnson,dennison,
PUGH,clause,matrix,executive search,accardo,chart,training,clause example,,,
MAYER,hawthorne,brown,electric supply,fabrics,hawthorne the walk,amschel rothschild,az,johnson,hawthorne tour,
BENDER,costume,futurama,clovis nm,terrace,voice actor,board,meme,neat,and bender,
SHEPARD,pie,smith,fairey,tone,software,hook,elementary,afb,,
MCMAHON,contracting,construction,family,surovik suttle p.c,general,tomlinson lawton ok,marketing,ford,line,
LANDRY,jones,restaurant,seafood,kate,bender,walker,select,fields,cantrell,
CASE,anthony,missouri,neistat,affleck,donahew,status,keenum,desmith,,
SAMPSON,community college,park,county schools,county nc,bible,and delilah,regional medical center,resources,,
MOSES,malone,basket,branson,sumney,wife,kingsley,lake wa,brown,austin,
MAGANA,carta,cum laude,chivas,law firm,carta definition,exterminator,,,,
BLACKBURN,syrup,rovers,mixture,plumbing,college,cabins,warbler,elementary,motors,
DUNLAP,swain,codding,tn,construction,disease,il,tires,wrecker,high school,
GOULD,pumps,discount medical,finch,arkansas,and goodrich,lodge,tx,academy,,
DUFFY,boats,new iberia,strode,mercy,menu,bear,rolls denver,gaver,the disney bear,
VAUGHAN,williams,bassett,foods,ontario,elementary allen tx,mills mall,hammers,elementary lunch menu,canada,
HERRING,bank,pattern,tile,chain,fish,waikiki,bird,,,
MCKAY,maroney,music,maroney instagram,maroney age,bakery,maroney twitter,maroney now,coppins,dee hospital,
ESPINOSA,paz,cigars,de los monteros,stone,meaning,trucking,paz meme,trucking allen tx,,
RIVERS,in texas,villas,apartments,california,okc,cuomo,golf course,edge,,
FARLEY,granger,brown,mowat,street baptist church,brothers,nuclear plant,farm supply,dakan,boat works,
BERNARD,de galvez,hopkins,shaw,king,cornwell,silva,madoff,tomic,cohen,
ASHLEY,judd,furniture,stewart,tisdale,benson,greene,olsen,simpson,johnson,williams
FRIEDMAN,and feiger,amps,family practice,suder & cooke,test,be-od,llp,electric,nyc,
POTTS,tx,isd,high school,pa,school district,pa,tx weather,feed store,football,
TRUONG,nguyen,giang,ngoc anh,vu,giang nha phuong,son,minh cuong,dinh,tam phong 1996,
COSTA,rica,vida,sunglasses,rica map,rica flag,maya,rica all inclusive resorts,vida menu,,
CORREA,group,group arlington tx,in english,company,stats,group benefits manager,ecuador,injury,sevilla,
BLEVINS,arkansas,fort worth,high school,guyer,body shop,electric,realty,tx,abilene tx,
NIXON,watches,peabody,mission,library,tx,newell,watergate,engineering,movie,
CLEMENTS,university hospital,ranch,unit,hall smu,fluids,hospital address,nut company,scout ranch,auto sales,
FRY,boots,ad dallas,electronics dallas,food,plano,street,hours,,,
DELAROSA,upholstery,dentist,meaning,pizza,moving temple tx,yb,menu,last name,song,
BEST,buy,buy near me,buy credit card,western,buy hours,movies on netflix,gore,restaurants near me,halloween movies,movies of 2017
BENTON,ar,county jail,clay,high school,high school,arkansas,middle school,utilities,public schools,
LUGO,solution,sc,south carolina,ford,test,elgin high school,hair,,,
PORTILLO,menu,in texas,chile,catering,italian beef,chocolate cake,chopped salad,in english,lemon cake,
DOUGHERTY,ok,mortgage,county,museum,v salt,pharmacy campbell,tx,pharmacy royal,texas,
CRANE,fly,bird,and canopy,tx,humidifier,in the sky,isd,in the sky lyrics,worldwide,
HALEY,bennett,reinhart,lu richardson,joel osment,comet,stardew valley,strategic,james scott,pullos,
PHAN,thread,of the opera,thread trailer,car,4,of the opera movie,4 pro,,,
VILLALOBOS,address,tours,cast,translation,meaning,brothers,last name origin,assumption parish,adoption,
BLANCHARD,springs,ok,valley hospital,la,high school,peale ethics,walmart,public schools,library,
HORNE,frog,toad,nest,roster,sting,lizard,syndrome,schedule,melon,
FINLEY,barber shop,resources,southlake,lanning,name meaning,shirts,ewing,tap house,junior high,
QUINTANA,roo,roo mexico,energy services,roo dunne,beach texas,photography,tx,roo bike,trade,
LYNN,collins,creek park,smith,anderson,university,novick,creek marina,gunn,lularoe,koplitz
ESQUIVEL,cabrera,barbacoa,insurance,shoes,seth,origin,music,v. sessions,agency,
BEAN,bag chairs,babies,sprouts,boos,boozled,bags,soup,,,
DODSON,pest control,la,specialty clinic,legal group,high school,birdville,global houston,equipment,tx,
MULLEN,and mullen,elementary,& mullen law firm,football,insurance,ranch,high school,plant,,
XIONG,dylan,religion,fei,dai lin,pronunciation,shuihua,,,,
HAYDEN,panettiere,mcneil,christensen,summerall,kennedy,fry,panettiere husband,byerly,real estate,
CANO,cameras,g7x,tent,70d,rebel t6,oil,80d,,,
LEVY,and son,restaurants,mcgarden,tran,meaning,taxes,park houston tx,water,,
HUBER,humphrey,keller,definition,needle,heights ohio,nc,,,,
RICHMOND,tx,va,times dispatch,restaurant week,texas,weather,ca,california,va weather,
MOYER,ok,boars,marine,diebel,ok zip code,ok school,foundation,group,,
LIM,government,crime,calculator,system,bizkit,,,,,
FRYE,boots,boots women,purses,electronics,festival,boots sale,booties,standard,,
SHEPPARD,afb,software,afb bx,air,pie,afb library,afb theater,inn,mullin,afb zip code
MCCARTY,weight loss center,equipment,ford,mini sleeve,pottery,equipment abilene,kilgore tx,mini sleeve cost,odessa,
AVALOS,chihuahua,meaning,vision las cruces,landscaping,construction,tires,body shop,unda,trucking,
BOOKER,t washington,t washington high school,t,login,t washington school,dewitt,tx,whiskey,t washington high school tulsa,
WALLER,tx,county texas,degeneration,cad,high school,group,county jail,singer,county appraisal district,
PARRA,car care,chihuahua,,,,,,,,
WOODWARD,ok,news,dream cruise,camp,copper,academy,public schools,park tulsa,fab,
JARAMILLO,transmission,mora,body shop,alejandro,meaning,concrete,stanford,sisters,surname,
KRUEGER,international,law group,hall,movie,sentry gauge,flaps,national park,pottery,unt,
RASMUSSEN,poll,student portal,reports,trump poll,syndrome,college online,presidential approval,college reviews,trump,
BRANDT,co/ail,engineering,and co,and company,snedeker,construction,daroff,electric,crossfit,
PERALTA,winnsboro tx,quitman tx,project,community college,chiropractic,passport,quitman,menu,nm,
DONALDSON,filter cross,la,filters,glass,dmv,jail,education,chief,torit,
STUART,little,weitzman,hose,scott,florida,little cast,townsend,smalley,mad tv,weitzman boots
FAULKNER,county library,hospital,county,design group,county fair,park,university,county assessor,honda,
MAYNARD,james keenan,james keenan wine,ferguson,jackson,ma,tn,law firm,james keenan net worth,james keenan book,
GALINDO,and boyd,roofing,body shop,cartel,meaning,last name,tequila,electric,,
COFFEY,ks,anderson,community college,anderson wife,park,resources,ks weather,anderson songs,fair and rodeo,
ESTES,park,park weather,tracking,park hotels,express,park elevation,park restaurants,park brewery,park cabins,park tram
SANFORD,and son,house,florida,brown college,nc,airport,and son theme song,b dole,house spa,
BURCH,management,lane,and co,fabrics,procedure,school of music,tree,,,
MADDOX,realty,shop,pitt,name meaning,metal works,tool,muse center,weddle,jolie pitt 2017,
VO,miller,xc90,,,,,,,,
OCONNELL,norman,electric,actor,norman menu,street dublin,group,center,bridge,clothing,
VU,baratos,login,,,,,,,,
ANDERSEN,windows,doors,storm door,windows garland,tax,100 series,patio doors,corporation,afb,window parts
SPENCE,ware,pratt,reid,grammer,hight,tracy,boldman,hastings,long,
MCPHERSON,college,kansas,park,winery,ranch,college football,guitars,ranch hoa,slough park,college athletics
CHURCH,near me,of christ,clap,on the park,on the move,of scientology,menu,,,
SCHMITT,farm,gay,trigger,gay gif,shne riesling,stix,winkleson,music,,
STANTON,tx,optical,isd,llp,carpet,contract,tx weather,home run,daily,
LEAL,definicion,menu,amarillo,collins,in english,waco,tire center,lubbock,,
CHERRY,creek mall,blossom,seaborn,bomb,tree,pie,creek state park,angioma,cricket,
COMPTON,movie,high school,redskins,magic,menace,dr dre,gardens,unified school district,effect,
DUDLEY,moore,debosier,boyz,dursley,randall,lab,do right,moore movies,o'shaughnessy,
SIERRA,trading post,leone,nevada,club,madre,blanca tx,trading post coupon,mist,park,
POLLARD,ford,jeep,water,aircraft,camera,park,umc,theatre,used cars,
ALFARO,romeo usa,romeo dallas,puppets,meaning,phillies,romeo mckinney,romeo fiat of fort worth,romeo suv,,
HESTER,prynne,properties,plumbing tyler tx,and cook,street,meaning,house movers,wrecker,funeral home,
PROCTOR,definition,and gamble,lake,exam,silex,and gamble brands,power,,,
LU,bryan,eclipse,tx,fonsi,,,,,,
HINTON,ok,landfill,dmv,tag agency,casino,wv,public schools,prison,pharmacy,
NOVAK,motors,djokovic,sights,djokovic us open 2017,djokovic baby,motors bedford tx,djokovic wimbledon 2017,starbound,,
GOOD,doctor,morning,goody,morning america,movies,christopher robin,,,,
MADDEN,18,18 ratings,17,mobile,18 review,mobile coins,2018,girl,18 soundtrack,
MCCANN,school of business and technology,student portal,worldgroup,health,new york,utu,irish oatmeal,auto mart,shreveport la,
TERRELL,pryor,owens,tx,isd,movies,pryor sr,state hospital,pryor fantasy,pryor stats,pryor contract
JARVIS,landry,christian college,landry fantasy,jones,landry stats,desk,cocker,metals,harrison,
DICKSON,street,tn,street fayetteville ar,street inn,bookstore,high school,street bookstore,gradebook,street slide,
REYNA,lopez,cavazos,biddy,the fox,furniture,,,,,
CANTRELL,drug company,texas tech,gardens,walmart,roofing,mcculloch,family dentistry,heights,service center,
MAYO,clinic,lyrics,of dallas,clinic diet,pro tem,furniture,hotel tulsa,mike rawlings,,
BRANCH,trolls,of government,davidian,warren,of military,cleft cyst,rickey,chain amino acids,,
HENDRIX,college,college football,campus web,football schedule,college tuition,bookstore,college baseball,moodle,football roster,
ROLLINS,college,band,pass,inc,place elementary,svu,co weather,brook community hospital,school of public health,college tuition
ROWLAND,heights,group,s howard,brothers,high school,hall,nc,scherman,,
WHITNEY,bank,houston,cummings,wolfe,tx,houston death,plantation,port,houston songs,isd
DUKE,energy,university,basketball,ellington,of hazzard,tip,football,johnson,of hazzard car,riley
ODOM,bbq,reading,disclosure statement,disclosure statement texas,definition,disclosure texas,jr,,,
DAUGHERTY,business solutions careers,texas,elementary,dallas,business solutions reviews,business solutions wikipedia,meaning,and daugherty medical clinic,band,
TRAVIS,scott,kelce,tritt,barker,credit union,fimmel,county,mathew,cad,county jail
TANG,outlet,salon,resort,definition,,,,,,
ARCHER,season 8,season 9,cast,range,hotel austin,western,near me,,,